epoch;acc;loss;val_acc;val_loss
0;0.978998821089;0.064195435653;0.980894625809;0.0525331855652
1;0.983539093182;0.043353282049;0.981068506456;0.0510701949761
