epoch;acc;loss;val_acc;val_loss
0;0.978636564724;0.0635192345626;0.98102503816;0.0515623366063
1;0.983737126144;0.043397714182;0.981133716238;0.0502189464214
