epoch;acc;loss;val_acc;val_loss
0;0.977153731679;0.06860865781;0.980546858047;0.0540043068161
1;0.982614133176;0.0464170354229;0.981046773676;0.0517002750318
