epoch;acc;loss
0;0.939666664124;0.437759257063
