epoch;acc;loss
0;0.940833334923;0.460462729931
