epoch;acc;loss
0;0.923666670799;0.48676548028
0;0.955166662216;0.442383527517
0;0.942166666985;0.429105269253
0;0.946333334923;0.450078254819
0;0.914666669846;0.47456693989
0;0.912666669369;0.455544653416
0;0.951333333969;0.4256998716
0;0.975102155123;0.0827265066975
1;0.98084680799;0.0540115651512
