epoch;acc;loss
0;0.925333334923;0.480051439762
0;0.976661062929;0.0778918976216;0.98002521312;0.0593247713728
1;0.982370214791;0.0488884288414;0.979894799028;0.0589121897551
