epoch;acc;loss
0;0.940833334923;0.460462729931
0;0.969227573712;0.101925331042;0.971026776604;0.0843502377773
1;0.973862032603;0.0759339682662;0.971744043664;0.0849119762992
