epoch;acc;loss
0;0.939666664124;0.437759257063
0;0.976306051215;0.077744800501;0.979851327747;0.0561040404389
1;0.982348479361;0.0487520753256;0.979612241298;0.0563904396309
