epoch;acc;loss
0;0.925333334923;0.480051439762
