epoch;acc;loss;val_acc;val_loss
0;0.976153904038;0.0796542142315;0.979568768026;0.0606749355045
1;0.982254293064;0.0494245198599;0.980242566541;0.0596051832188
