epoch;acc;loss;val_acc;val_loss
0;0.976226355061;0.0785038381174;0.980199095509;0.0568779984583
