epoch;acc;loss;val_acc;val_loss
0;0.976591027502;0.07633194153;0.980112153693;0.0562934553096
1;0.982160106097;0.0484798000431;0.980220832518;0.054510431369
